Proprity,Section,Subsection,Category Name (TR),Full URL
1,Lingerie,Panties,Külot,https://www.marksandspencer.com.tr/kadin-kulot/
2,Lingerie,Panties,Yeni Gelen Külotlar,https://www.marksandspencer.com.tr/yeni-gelen-kulotlar/
3,Lingerie,Panties,Paket Külotlar,https://www.marksandspencer.com.tr/kadin-paket-kulotlar/
4,Lingerie,Panties,Yüksek Bel Külot,https://www.marksandspencer.com.tr/yuksek-bel-kulot/
5,Lingerie,Panties,Brazilian Külotlar,https://www.marksandspencer.com.tr/kadin-brazilian-kulotlar/
6,Lingerie,Panties,Bikini Külotlar,https://www.marksandspencer.com.tr/kadin-bikini-kulotlar/
7,Lingerie,Panties,Full Brief Külotlar,https://www.marksandspencer.com.tr/kadin-full-brief-kulotlar/
8,Lingerie,Panties,Short Külotlar,https://www.marksandspencer.com.tr/kadin-short-kulotlar/
9,Lingerie,Panties,Midi Külotlar,https://www.marksandspencer.com.tr/kadin-midi-kulotlar/
10,Lingerie,Panties,Tanga,https://www.marksandspencer.com.tr/tanga/
11,Lingerie,Panties,İz Bırakmayan Külotlar,https://www.marksandspencer.com.tr/kadin-iz-birakmayan-kulotlar/
12,Lingerie,Panties,Pamuklu Külotlar,https://www.marksandspencer.com.tr/kadin-pamuklu-kulotlar/
13,Lingerie,Panties,Dantelli Külotlar,https://www.marksandspencer.com.tr/kadin-dantelli-kulotlar/
14,Lingerie,Panties,Regl Külodu,https://www.marksandspencer.com.tr/regl-kulodu/
15,Men,Underwear & Intimate,İç Giyim & Pijama,https://www.marksandspencer.com.tr/erkek-ic-giyim-pijama/
16,Men,Underwear & Intimate,Yeni Gelen İç Giyim & Pijama,https://www.marksandspencer.com.tr/yeni-gelen-erkek-ic-giyim-pijama/
17,Men,Underwear & Intimate,Termaller,https://www.marksandspencer.com.tr/erkek-termaller/
18,Men,Underwear & Intimate,Termal Atlet,https://www.marksandspencer.com.tr/erkek-termal-atlet/
19,Men,Underwear & Intimate,Termal İçlik,https://www.marksandspencer.com.tr/erkek-termal-iclik/
20,Men,Underwear & Intimate,Külot,https://www.marksandspencer.com.tr/erkek-kulot/
21,Men,Underwear & Intimate,Boxer Külotlar,https://www.marksandspencer.com.tr/erkek-boxer-kulotlar/
22,Men,Underwear & Intimate,Brief Külotlar,https://www.marksandspencer.com.tr/erkek-brief-kulotlar/
23,Men,Underwear & Intimate,Hipster Külotlar,https://www.marksandspencer.com.tr/erkek-hipster-kulotlar/
24,Men,Underwear & Intimate,Slip Külotlar,https://www.marksandspencer.com.tr/erkek-slip-kulotlar/
25,Men,Underwear & Intimate,Trunk Külotlar,https://www.marksandspencer.com.tr/erkek-trunk-kulotlar/
26,Men,Underwear & Intimate,Desenli Külotlar,https://www.marksandspencer.com.tr/erkek-desenli-kulotlar/
27,Men,Underwear & Intimate,Düz Külotlar,https://www.marksandspencer.com.tr/erkek-duz-kulotlar/
50,Summer Sale,Lingerie,Tümü,https://www.marksandspencer.com.tr/indirim-icgiyim/
51,Summer Sale,Lingerie,Sütyen,https://www.marksandspencer.com.tr/indirim-sutyen/
52,Summer Sale,Lingerie,Külot,https://www.marksandspencer.com.tr/indirim-kulot/
53,Summer Sale,Lingerie,Uyku Koleksiyonları,https://www.marksandspencer.com.tr/indirim-uykukoleksiyonlari/
54,Summer Sale,Lingerie,Atlet,https://www.marksandspencer.com.tr/indirim-atlet/
55,Summer Sale,Lingerie,Korse,https://www.marksandspencer.com.tr/indirim-korse/
56,Summer Sale,Lingerie,Çorap,https://www.marksandspencer.com.tr/indirim-corap/
57,Lingerie,Sleepwear,Uyku Koleksiyonları,https://www.marksandspencer.com.tr/uyku-koleksiyonlari/
58,Lingerie,Sleepwear,Yeni Gelen Uyku Koleksiyonu,https://www.marksandspencer.com.tr/kadin-yeni-gelen-uyku-koleksiyonu/
60,Lingerie,Sleepwear,Pijamalar,https://www.marksandspencer.com.tr/kadin-pijamalar/
61,Lingerie,Sleepwear,Pijama Takımı,https://www.marksandspencer.com.tr/kadin-pijama-takimi/
62,Lingerie,Sleepwear,Pijama Altı,https://www.marksandspencer.com.tr/kadin-pijama-alti/
63,Lingerie,Sleepwear,Pijama Üstü,https://www.marksandspencer.com.tr/kadin-pijama-ustu/
64,Lingerie,Sleepwear,Hediyelik Paketli Pijama,https://www.marksandspencer.com.tr/hediyelik-paketli-pijama/
65,Lingerie,Sleepwear,Gecelik,https://www.marksandspencer.com.tr/kadin-gecelik/
66,Lingerie,Sleepwear,Sabahlık,https://www.marksandspencer.com.tr/kadin-sabahlik/
67,Men,Sleepwear,Pijamalar,https://www.marksandspencer.com.tr/erkek-pijamalar/
68,Men,Sleepwear,Pijama Altı,https://www.marksandspencer.com.tr/erkek-pijama-alti/
69,Men,Sleepwear,Pijama Üstü,https://www.marksandspencer.com.tr/erkek-pijama-ustu/
70,Men,Sleepwear,Pijama Takımı,https://www.marksandspencer.com.tr/erkek-pijama-takimi/
71,Men,Sleepwear,Sabahlık,https://www.marksandspencer.com.tr/erkek-sabahlik/
72,Main,,İç Giyim (Lingerie),https://www.marksandspencer.com.tr/ic-giyim/
73,Summer Sale,Women,T-shirt,https://www.marksandspencer.com.tr/indirim-kadin-t-shirt/
77,Summer Sale,Women,Bluz,https://www.marksandspencer.com.tr/indirim-kadin-bluz/
77,Summer Sale,Women,Elbise,https://www.marksandspencer.com.tr/indirim-kadin-elbise/
77,Summer Sale,Women,Etek,https://www.marksandspencer.com.tr/indirim-kadin-etek/
77,Summer Sale,Women,Gömlek,https://www.marksandspencer.com.tr/indirim-kadin-gomlek/
80,Summer Sale,Women,Hırka,https://www.marksandspencer.com.tr/indirim-kadin-hirka/
88,Summer Sale,Women,Ceket,https://www.marksandspencer.com.tr/indirim-kadin-ceket/
88,Summer Sale,Men,Keten,https://www.marksandspencer.com.tr/indirim-erkek-keten/
88,Summer Sale,Men,Şort,https://www.marksandspencer.com.tr/indirim-erkek-sort/
88,Summer Sale,Men,T-shirt,https://www.marksandspencer.com.tr/indirim-erkek-tshirt/
88,Summer Sale,Men,Boxer & Külot,https://www.marksandspencer.com.tr/indirim-erkek-boxer/
88,Summer Sale,Men,Uyku Koleksiyonları,https://www.marksandspencer.com.tr/indirim-erkek-uykukoleksiyon/
222,Summer Sale,Women,Jean,https://www.marksandspencer.com.tr/indirim-kadin-jean/
222,Summer Sale,Women,Pantolon & Tayt,https://www.marksandspencer.com.tr/indirim-kadin-pantolon-tayt/
250,Main,,Yaz İndirimi (Summer Sale),https://www.marksandspencer.com.tr/tum-indirim/
250,Main,,Kadın (Women),https://www.marksandspencer.com.tr/kadin/
250,Main,,Erkek (Men),https://www.marksandspencer.com.tr/erkek/
250,Main,,Çocuk & Bebek (Kids & Baby),https://www.marksandspencer.com.tr/cocuk-ve-bebek/
250,Main,,Kozmetik (Cosmetics),https://www.marksandspencer.com.tr/kozmetik/
250,Main,,Blog,https://www.marksandspencer.com.tr/blog/
250,Summer Sale,Women,Plaj Giyim,https://www.marksandspencer.com.tr/indirim-kadin-plaj-giyim/
250,Summer Sale,Women,Keten,https://www.marksandspencer.com.tr/indirim-kadin-keten/
250,Summer Sale,Women,Şort,https://www.marksandspencer.com.tr/indirim-kadin-sort/
250,Summer Sale,Women,Spor Giyim,https://www.marksandspencer.com.tr/indirim-kadin-spor-giyim/
250,Summer Sale,Women,Çanta & Aksesuar,https://www.marksandspencer.com.tr/indirim-kadin-canta-aksesuar/
250,Summer Sale,Women,Ayakkabı,https://www.marksandspencer.com.tr/indirim-kadin-ayakkabi/
250,Summer Sale,Men,Tümü,https://www.marksandspencer.com.tr/indirim-erkek/
250,Summer Sale,Men,Mayo,https://www.marksandspencer.com.tr/indirim-erkek-mayo/
250,Summer Sale,Men,Gömlek,https://www.marksandspencer.com.tr/indirim-erkek-gomlek/
250,Summer Sale,Men,Pantolon,https://www.marksandspencer.com.tr/indirim-erkek-pantolon/
250,Summer Sale,Men,Jean,https://www.marksandspencer.com.tr/indirim-erkek-jean/
250,Summer Sale,Men,Dış Giyim,https://www.marksandspencer.com.tr/indirim-erkek-disgiyim/
250,Summer Sale,Men,Hırka,https://www.marksandspencer.com.tr/indirim-erkek-hirka/
250,Summer Sale,Men,Sweatshirt,https://www.marksandspencer.com.tr/indirim-erkek-sweatshirt/
250,Summer Sale,Men,Takım Elbise,https://www.marksandspencer.com.tr/indirim-erkek-takimelbise/
250,Summer Sale,Men,Spor Giyim,https://www.marksandspencer.com.tr/indirim-erkek-sporgiyim/
250,Summer Sale,Men,Ceket,https://www.marksandspencer.com.tr/indirim-erkek-ceket/
250,Summer Sale,Men,Termal,https://www.marksandspencer.com.tr/indirim-erkek-termal/
250,Summer Sale,Men,Atlet,https://www.marksandspencer.com.tr/indirim-erkek-atlet/
250,Summer Sale,Men,Ayakkabı,https://www.marksandspencer.com.tr/indirim-erkek-ayakkabi/
250,Summer Sale,Men,Çanta & Aksesuar,https://www.marksandspencer.com.tr/indirim-erkek-canta-aksesuar/
250,Summer Sale,Kids & Baby,Çocuk,https://www.marksandspencer.com.tr/indirim-cocuk/
250,Summer Sale,Kids & Baby,Kız Çocuk,https://www.marksandspencer.com.tr/indirim-kiz-cocuk/
250,Summer Sale,Kids & Baby,Erkek Çocuk,https://www.marksandspencer.com.tr/indirim-erkek-cocuk/
250,Summer Sale,Kids & Baby,Bebek,https://www.marksandspencer.com.tr/indirim-bebek/
250,Women,T-Shirts,T-Shirtler,https://www.marksandspencer.com.tr/kadin-t-shirtler/
250,Women,T-Shirts,Düz Tshirtler,https://www.marksandspencer.com.tr/kadin-duz-tshirtler/
250,Women,T-Shirts,Desenli Tshirtler,https://www.marksandspencer.com.tr/kadin-desenli-tshirtler/
250,Women,T-Shirts,Keten Tshirtler,https://www.marksandspencer.com.tr/kadin-keten-tshirtler/
250,Women,T-Shirts,Kısa Kollu Tshirtler,https://www.marksandspencer.com.tr/kadin-kisakollu-tshirtler/
250,Women,T-Shirts,Uzun Kollu Tshirtler,https://www.marksandspencer.com.tr/kadin-uzunkollu-tshirtler/
250,Women,T-Shirts,Askılı Tshirtler,https://www.marksandspencer.com.tr/kadin-askili-tshirtler/
250,Women,Jeans,Jeans,https://www.marksandspencer.com.tr/kadin-jeans/
250,Women,Jeans,Mom Jean,https://www.marksandspencer.com.tr/kadin-mom-jean/
250,Women,Jeans,Skinny Jean,https://www.marksandspencer.com.tr/kadin-skinny-jean/
250,Women,Jeans,Slim Jean,https://www.marksandspencer.com.tr/kadin-slim-jean/
250,Women,Jeans,Straight Jean,https://www.marksandspencer.com.tr/kadin-straight-jean/
250,Women,Jeans,Wideleg Jean,https://www.marksandspencer.com.tr/kadin-wideleg-jean/
250,Women,Jeans,Şekillendirici Jean,https://www.marksandspencer.com.tr/sekillendirici-jean/
250,Women,Jeans,Flare Jean,https://www.marksandspencer.com.tr/kadin-flare-jean/
250,Women,Jeans,Carrot Jean,https://www.marksandspencer.com.tr/kadin-carrot-jean/
250,Women,Dresses,Elbiseler,https://www.marksandspencer.com.tr/kadin-elbiseler/
250,Women,Dresses,Midi Elbiseler,https://www.marksandspencer.com.tr/kadin-midi-elbiseler/
250,Women,Dresses,Desenli Elbiseler,https://www.marksandspencer.com.tr/kadin-desenli-elbiseler/
250,Women,Dresses,Gömlek Elbiseler,https://www.marksandspencer.com.tr/kadin-gomlek-elbiseler/
250,Women,Dresses,Plaj Elbiseleri,https://www.marksandspencer.com.tr/kadin-plaj-elbiseleri/
250,Women,Dresses,Mini Elbiseler,https://www.marksandspencer.com.tr/kadin-mini-elbiseler/
250,Women,Dresses,Tulum,https://www.marksandspencer.com.tr/tulum/
250,Women,Outerwear,Dış Giyim,https://www.marksandspencer.com.tr/kadin-dis-giyim/
250,Women,Outerwear,Şişme Montlar,https://www.marksandspencer.com.tr/kadin-sisme-montlar/
250,Women,Outerwear,Kaşe Kabanlar,https://www.marksandspencer.com.tr/kadin-kase-kabanlar/
250,Women,Outerwear,Trençkot,https://www.marksandspencer.com.tr/kadin-trenckot/
250,Women,Outerwear,Ceketler,https://www.marksandspencer.com.tr/kadin-ceketler/
250,Women,Outerwear,Blazer Ceket,https://www.marksandspencer.com.tr/kadin-blazer-ceket/
250,Women,Outerwear,Yelekler,https://www.marksandspencer.com.tr/kadin-yelekler/
250,Women,Outerwear,Parkalar,https://www.marksandspencer.com.tr/kadin-parkalar/
250,Women,Outerwear,Suni Kürk Kabanlar,https://www.marksandspencer.com.tr/kadin-suni-kurk-kabanlar/
250,Women,Other Clothing,Şortlar,https://www.marksandspencer.com.tr/kadin-sortlar/
250,Women,Other Clothing,Bluzlar,https://www.marksandspencer.com.tr/kadin-bluzlar/
250,Women,Other Clothing,Gömlekler,https://www.marksandspencer.com.tr/kadin-gomlekler/
250,Women,Other Clothing,Etekler,https://www.marksandspencer.com.tr/kadin-etekler/
250,Women,Other Clothing,Pantolonlar,https://www.marksandspencer.com.tr/kadin-pantolonlar/
250,Women,Other Clothing,Hırkalar,https://www.marksandspencer.com.tr/kadin-hirkalar/
250,Women,Other Clothing,Kazaklar,https://www.marksandspencer.com.tr/kadin-kazaklar/
250,Women,Other Clothing,Sweatshirtler,https://www.marksandspencer.com.tr/kadin-sweatshirtler/
250,Women,Other Clothing,Eşofmanlar,https://www.marksandspencer.com.tr/kadin-esofmanlar/
250,Women,Other Clothing,Spor Giyim,https://www.marksandspencer.com.tr/kadin-spor-giyim/
250,Women,Other Clothing,Plaj Giyim,https://www.marksandspencer.com.tr/plaj-giyim/
250,Women,Other Clothing,Keten Ürünler,https://www.marksandspencer.com.tr/kadin-keten-urunler/
250,Women,Other Clothing,Giyim (Tümü),https://www.marksandspencer.com.tr/kadin-giyim/
250,Women,Accessories & Bags,Çanta ve Aksesuarlar,https://www.marksandspencer.com.tr/kadin-canta-ve-aksesuarlar/
250,Women,Accessories & Bags,Yeni Gelen Aksesuarlar,https://www.marksandspencer.com.tr/kadin-yeni-gelen-aksesuarlar/
250,Women,Accessories & Bags,Şapka ve Bereler,https://www.marksandspencer.com.tr/kadin-sapka-ve-bereler/
250,Women,Accessories & Bags,Çantalar,https://www.marksandspencer.com.tr/kadin-cantalar/
250,Women,Accessories & Bags,Eldivenler,https://www.marksandspencer.com.tr/kadin-eldivenler/
250,Women,Accessories & Bags,Şallar ve Atkılar,https://www.marksandspencer.com.tr/kadin-sallar-ve-atkilar/
250,Women,Accessories & Bags,Kemerler,https://www.marksandspencer.com.tr/kadin-kemerler/
250,Women,Accessories & Bags,Takılar,https://www.marksandspencer.com.tr/kadin-takilar/
250,Women,Accessories & Bags,Bileklik,https://www.marksandspencer.com.tr/kadin-bileklik/
250,Women,Accessories & Bags,Kolye,https://www.marksandspencer.com.tr/kadin-kolye/
250,Women,Accessories & Bags,Küpe,https://www.marksandspencer.com.tr/kadin-kupe/
250,Women,Accessories & Bags,Yüzük,https://www.marksandspencer.com.tr/kadin-yuzuk/
250,Women,Accessories & Bags,Diğer Takılar,https://www.marksandspencer.com.tr/kadin-digertakilar/
250,Women,Footwear,Ayakkabı,https://www.marksandspencer.com.tr/kadin-ayakkabi/
250,Women,Footwear,Yeni Gelen Ayakkabı & Terlik,https://www.marksandspencer.com.tr/kadin-yeni-gelen-ayakkabi-terlik/
250,Women,Footwear,Terlikler,https://www.marksandspencer.com.tr/kadin-terlikler/
250,Women,Collections,Jaeger Koleksiyonu,https://www.marksandspencer.com.tr/kadin-jaeger-koleksiyonu/
250,Women,Collections,Autograph,https://www.marksandspencer.com.tr/kadin-autograph/
250,Women,Collections,Per Una,https://www.marksandspencer.com.tr/kadin-per-una/
250,Women,Collections,M&S Collection,https://www.marksandspencer.com.tr/kadin-m-s-collection/
250,Women,Collections,Good Move,https://www.marksandspencer.com.tr/good-move/
250,Women,Collections,AÇEV Ürünleri,https://www.marksandspencer.com.tr/acev-urunleri/
250,Lingerie,Specialty Bras,Ameliyat Sütyeni,https://www.marksandspencer.com.tr/ameliyat-sutyeni/
250,Lingerie,Specialty Bras,Emzirme Sütyeni,https://www.marksandspencer.com.tr/emzirme-sutyeni/
250,Lingerie,Specialty Bras,İlk Sütyenim,https://www.marksandspencer.com.tr/genc-kiz-sutyen/
250,Lingerie,Specialty Bras,Sporcu Sütyeni,https://www.marksandspencer.com.tr/sporcu-sutyeni/
250,Lingerie,Specialty Bras,Küçültücü-Toparlayıcı Sütyen,https://www.marksandspencer.com.tr/kucultucu-toparlayici-sutyen/
250,Lingerie,Specialty Bras,Büyük Beden Sütyenler,https://www.marksandspencer.com.tr/kadin-buyuk-beden-sutyenler/
250,Lingerie,Hosiery,Çorap,https://www.marksandspencer.com.tr/kadin-corap/
250,Lingerie,Hosiery,Günlük Çoraplar,https://www.marksandspencer.com.tr/kadin-gunluk-coraplar/
250,Lingerie,Hosiery,Külotlu Çoraplar,https://www.marksandspencer.com.tr/kadin-kulotlu-coraplar/
250,Lingerie,Hosiery,Babet Çorapları,https://www.marksandspencer.com.tr/kadin-babet-coraplari/
250,Lingerie,Hosiery,Pantolon Çorapları,https://www.marksandspencer.com.tr/kadin-pantolon-coraplari/
250,Lingerie,Hosiery,Şekillendirici Çoraplar,https://www.marksandspencer.com.tr/kadin-sekillendirici-coraplar/
250,Lingerie,Hosiery,Termal Çoraplar,https://www.marksandspencer.com.tr/kadin-termal-coraplar/
250,Lingerie,Hosiery,Opak Çoraplar,https://www.marksandspencer.com.tr/kadin-opak-coraplar/
250,Lingerie,Shapewear,Korse,https://www.marksandspencer.com.tr/korse/
250,Lingerie,Shapewear,Jüponlar,https://www.marksandspencer.com.tr/kadin-juponlar/
250,Lingerie,Shapewear,Bodyler,https://www.marksandspencer.com.tr/kadin-bodyler/
250,Lingerie,Thermal & Other,Termal Giyim,https://www.marksandspencer.com.tr/kadin-termal-giyim/
250,Lingerie,Thermal & Other,Termal Üstler,https://www.marksandspencer.com.tr/kadin-termal-ustler/
250,Lingerie,Thermal & Other,Termal Altlar,https://www.marksandspencer.com.tr/kadin-termal-altlar/
250,Lingerie,Thermal & Other,Rosie Koleksiyonu,https://www.marksandspencer.com.tr/ic-giyim-rosie-koleksiyonu/
250,Lingerie,Thermal & Other,Atletler,https://www.marksandspencer.com.tr/kadin-atletler/
250,Men,Basics & Tops,T-Shirtler,https://www.marksandspencer.com.tr/erkek-t-shirtler/
250,Men,Basics & Tops,Düz Tshirtler,https://www.marksandspencer.com.tr/erkek-duz-tshirtler/
250,Men,Basics & Tops,Düz Tshirtler (2),https://www.marksandspencer.com.tr/erkek-duz-tshirtler-1/
250,Men,Basics & Tops,Polo Yaka Tshirtler,https://www.marksandspencer.com.tr/erkek-poloyaka-tshirtler/
250,Men,Basics & Tops,Kısa Kollu T-Shirt,https://www.marksandspencer.com.tr/erkek-kisa-kollu-tshirt/
250,Men,Basics & Tops,Uzun Kollu T-Shirt,https://www.marksandspencer.com.tr/erkek-uzun-kollu-tshirt/
250,Men,Basics & Tops,Atletler,https://www.marksandspencer.com.tr/erkek-atletler/
250,Men,Basics & Tops,Kısa Kollu Atlet,https://www.marksandspencer.com.tr/erkek-kisakollu-atlet/
250,Men,Basics & Tops,Uzun Kollu Atlet,https://www.marksandspencer.com.tr/erkek-uzunkollu-atlet/
250,Men,Basics & Tops,Kolsuz Atlet,https://www.marksandspencer.com.tr/erkek-kolsuz-atlet/
250,Men,Basics & Tops,Bisiklet Yaka Atlet,https://www.marksandspencer.com.tr/erkek-bisikletyaka-atlet/
250,Men,Basics & Tops,V Yaka Atlet,https://www.marksandspencer.com.tr/erkek-vyaka-atlet/
250,Men,Shirts & Casual,Gömlek,https://www.marksandspencer.com.tr/erkek-gomlek/
250,Men,Shirts & Casual,Oxford Gömlekler,https://www.marksandspencer.com.tr/erkek-oxford-gomlekler/
250,Men,Shirts & Casual,Klasik Gömlekler,https://www.marksandspencer.com.tr/erkek-klasik-gomlekler/
250,Men,Shirts & Casual,Keten Gömlekler,https://www.marksandspencer.com.tr/erkek-keten-gomlekler/
250,Men,Shirts & Casual,Gömlek Ceket,https://www.marksandspencer.com.tr/erkek-gomlek-ceket/
250,Men,Shirts & Casual,Desenli Gömlekler,https://www.marksandspencer.com.tr/erkek-desenli-gomlekler/
250,Men,Shirts & Casual,Klasik Gömlekler (2),https://www.marksandspencer.com.tr/erkek-klasik-gomlekler-1/
250,Men,Shirts & Casual,Keten Ürünler,https://www.marksandspencer.com.tr/erkek-keten-urunler/
250,Men,Bottoms,Pantolon,https://www.marksandspencer.com.tr/erkek-pantolon/
250,Men,Bottoms,Slim Pantolon,https://www.marksandspencer.com.tr/erkek-slim-pantolon/
250,Men,Bottoms,Regular Pantolon,https://www.marksandspencer.com.tr/erkek-regular-pantolon/
250,Men,Bottoms,Klasik Pantolonlar,https://www.marksandspencer.com.tr/erkek-klasik-pantolonlar/
250,Men,Bottoms,Chino Pantolon,https://www.marksandspencer.com.tr/erkek-chino-pantolon/
250,Men,Bottoms,Kadife Pantolonlar,https://www.marksandspencer.com.tr/erkek-kadife-pantolonlar/
250,Men,Bottoms,Keten Pantolonlar,https://www.marksandspencer.com.tr/erkek-keten-pantolonlar/
250,Men,Bottoms,Jeanler,https://www.marksandspencer.com.tr/erkek-jeanler/
250,Men,Bottoms,Slim Jean,https://www.marksandspencer.com.tr/erkek-slim-jean/
250,Men,Bottoms,Straight Jean,https://www.marksandspencer.com.tr/erkek-straight-jean/
250,Men,Bottoms,Şortlar,https://www.marksandspencer.com.tr/erkek-sortlar/
250,Men,Sweaters & Knitwear,Kazaklar ve Hırkalar,https://www.marksandspencer.com.tr/erkek-kazaklar-ve-hirkalar/
250,Men,Sweaters & Knitwear,Bisiklet Yaka Kazak,https://www.marksandspencer.com.tr/erkek-bisikletyaka-kazak/
250,Men,Sweaters & Knitwear,Boğazlı Yaka Kazak,https://www.marksandspencer.com.tr/erkek-bogazliyaka-kazak/
250,Men,Sweaters & Knitwear,V Yaka Kazak,https://www.marksandspencer.com.tr/erkek-vyaka-kazak/
250,Men,Sweaters & Knitwear,Basic Kazak,https://www.marksandspencer.com.tr/erkek-basic-kazak/
250,Men,Sweaters & Knitwear,Desenli Kazak,https://www.marksandspencer.com.tr/erkek-desenli-kazak/
250,Men,Sweaters & Knitwear,Hırkalar,https://www.marksandspencer.com.tr/erkek-hirkalar/
250,Men,Outerwear & Jackets,Ceketler,https://www.marksandspencer.com.tr/erkek-ceketler/
250,Men,Outerwear & Jackets,Dış Giyim,https://www.marksandspencer.com.tr/erkek-dis-giyim/
250,Men,Outerwear & Jackets,Sweatshirtler,https://www.marksandspencer.com.tr/erkek-sweatshirtler/
250,Men,Outerwear & Jackets,Klasik Ceket,https://www.marksandspencer.com.tr/klasik-ceket/
250,Men,Outerwear & Jackets,Blazer Ceket,https://www.marksandspencer.com.tr/blazer-ceket/
250,Men,Outerwear & Jackets,Eşofman,https://www.marksandspencer.com.tr/erkek-esofman/
250,Men,Outerwear & Jackets,Takım Elbiseler,https://www.marksandspencer.com.tr/takim-elbiseler/
250,Men,Activewear,Spor Giyim,https://www.marksandspencer.com.tr/erkek-spor-giyim/
250,Men,Hosiery,Çoraplar,https://www.marksandspencer.com.tr/erkek-coraplar/
250,Men,Hosiery,Babet Çoraplar,https://www.marksandspencer.com.tr/erkek-babet-coraplar/
250,Men,Hosiery,Soket Çoraplar,https://www.marksandspencer.com.tr/erkek-soket-coraplar/
250,Men,Hosiery,Desenli Çoraplar,https://www.marksandspencer.com.tr/erkek-desenli-coraplar/
250,Men,Hosiery,Düz Çoraplar,https://www.marksandspencer.com.tr/erkek-duz-coraplar/
250,Men,Beach & Casual,Plaj Giyim,https://www.marksandspencer.com.tr/erkek-plaj-giyim/
250,Men,Beach & Casual,Mayolar,https://www.marksandspencer.com.tr/erkek-mayolar/
250,Men,Footwear,Ayakkabı,https://www.marksandspencer.com.tr/erkek-ayakkabi/
250,Men,Footwear,Ev Terlikleri,https://www.marksandspencer.com.tr/erkek-ev-terlikleri/
250,Men,Footwear,Ayakkabılar,https://www.marksandspencer.com.tr/erkek-ayakkabilar/
250,Men,Accessories,Çanta ve Aksesuarlar,https://www.marksandspencer.com.tr/erkek-canta-ve-aksesuarlar/
250,Men,Accessories,Eldivenler ve Atkılar,https://www.marksandspencer.com.tr/erkek-eldivenler-ve-atkilar/
250,Men,Accessories,Atkı,https://www.marksandspencer.com.tr/erkek-atki/
250,Men,Accessories,Eldiven,https://www.marksandspencer.com.tr/erkek-eldiven/
250,Men,Accessories,Şapka & Bere,https://www.marksandspencer.com.tr/erkek-sapka-bere/
250,Men,Accessories,Şapka,https://www.marksandspencer.com.tr/erkek-sapka/
250,Men,Accessories,Bere,https://www.marksandspencer.com.tr/erkek-bere/
250,Men,Accessories,Kemerler,https://www.marksandspencer.com.tr/erkek-kemerler/
250,Men,Accessories,Kravatlar ve Mendiller,https://www.marksandspencer.com.tr/erkek-kravatlar-ve-mendiller/
250,Men,Accessories,Çanta ve Cüzdanlar,https://www.marksandspencer.com.tr/erkek-canta-ve-cuzdanlar/
250,Men,Accessories,Diğer Aksesuarlar,https://www.marksandspencer.com.tr/erkek-diger-aksesuarlar/
250,Men,Collections,Jaeger Koleksiyonu,https://www.marksandspencer.com.tr/erkek-jaeger-koleksiyonu/
250,Men,Collections,Autograph İç Giyim Koleksiyonu,https://www.marksandspencer.com.tr/erkek-autograph-ic-giyim-koleksiyonu/
250,Kids & Baby,Girls,Giyim,https://www.marksandspencer.com.tr/kiz-cocuk-giyim/
250,Kids & Baby,Girls,Yeni Gelenler,https://www.marksandspencer.com.tr/kiz-cocuk-yeni-gelenler/
250,Kids & Baby,Girls,T-Shirtler,https://www.marksandspencer.com.tr/kiz-cocuk-tshirtler/
250,Kids & Baby,Girls,Şortlar,https://www.marksandspencer.com.tr/kiz-cocuk-sortlar/
250,Kids & Baby,Girls,Bikini ve Mayolar,https://www.marksandspencer.com.tr/bikini-ve-mayolar/
250,Kids & Baby,Girls,Elbiseler ve Etekler,https://www.marksandspencer.com.tr/cocuk-elbiseler-ve-etekler/
250,Kids & Baby,Girls,Elbise,https://www.marksandspencer.com.tr/kiz-cocuk-elbise/
250,Kids & Baby,Girls,Etek,https://www.marksandspencer.com.tr/kiz-cocuk-etek/
250,Kids & Baby,Girls,Takımlar,https://www.marksandspencer.com.tr/takimlar/
250,Kids & Baby,Girls,Pantolon,https://www.marksandspencer.com.tr/kiz-cocuk-pantolon/
250,Kids & Baby,Girls,Eşofmanlar,https://www.marksandspencer.com.tr/kiz-cocuk-esofmanlar/
250,Kids & Baby,Girls,Taytlar,https://www.marksandspencer.com.tr/kiz-cocuk-taytlar/
250,Kids & Baby,Girls,Gömlek,https://www.marksandspencer.com.tr/kiz-cocuk-gomlek/
250,Kids & Baby,Girls,Kazak ve Hırkaları,https://www.marksandspencer.com.tr/kiz-cocuk-kazak-ve-hirkalari/
250,Kids & Baby,Girls,Kazak,https://www.marksandspencer.com.tr/kiz-cocuk-kazak/
250,Kids & Baby,Girls,Hırka,https://www.marksandspencer.com.tr/kiz-cocuk-hirka/
250,Kids & Baby,Girls,Sweatshirtler,https://www.marksandspencer.com.tr/kiz-cocuk-sweatshirtler/
250,Kids & Baby,Girls,Dış Giyim,https://www.marksandspencer.com.tr/kiz-cocuk-dis-giyim/
250,Kids & Baby,Girls,Mont,https://www.marksandspencer.com.tr/kiz-cocuk-mont/
250,Kids & Baby,Girls,Yağmurluk,https://www.marksandspencer.com.tr/kiz-cocuk-yagmurluk/
250,Kids & Baby,Girls,İç Giyim,https://www.marksandspencer.com.tr/kiz-cocuk-ic-giyim/
250,Kids & Baby,Girls,Atlet,https://www.marksandspencer.com.tr/kiz-cocuk-atlet/
250,Kids & Baby,Girls,Büstiyer,https://www.marksandspencer.com.tr/kiz-cocuk-bustiyer/
250,Kids & Baby,Girls,Külot,https://www.marksandspencer.com.tr/kiz-cocuk-kulot/
250,Kids & Baby,Girls,Termal Üstler,https://www.marksandspencer.com.tr/kiz-cocuk-termal-ustler/
250,Kids & Baby,Girls,Termal Altlar,https://www.marksandspencer.com.tr/kiz-cocuk-termal-altlar/
250,Kids & Baby,Girls,Ev Giyim,https://www.marksandspencer.com.tr/kiz-cocuk-ev-giyim/
250,Kids & Baby,Girls,Pijama,https://www.marksandspencer.com.tr/kiz-cocuk-pijama/
250,Kids & Baby,Girls,Sabahlık,https://www.marksandspencer.com.tr/kiz-cocuk-sabahlik/
250,Kids & Baby,Girls,Çorapları,https://www.marksandspencer.com.tr/kiz-cocuk-coraplari/
250,Kids & Baby,Girls,Desenli Çoraplar,https://www.marksandspencer.com.tr/kiz-cocuk-desenli-coraplar/
250,Kids & Baby,Girls,Düz Çoraplar,https://www.marksandspencer.com.tr/kiz-cocuk-duz-coraplar/
250,Kids & Baby,Girls,Ayakkabı,https://www.marksandspencer.com.tr/ayakkabi/
250,Kids & Baby,Girls,Ayakkabı ve Aksesuarları,https://www.marksandspencer.com.tr/kiz-cocuk-ayakkabi-ve-aksesuarlari/
250,Kids & Baby,Boys,Giyim,https://www.marksandspencer.com.tr/erkek-cocuk-giyim/
250,Kids & Baby,Boys,Yeni Gelenler,https://www.marksandspencer.com.tr/erkek-cocuk-yeni-gelenler/
250,Kids & Baby,Boys,T-Shirtler,https://www.marksandspencer.com.tr/erkek-cocuk-tshirtler/
250,Kids & Baby,Boys,Kısa Kollu T-Shirt,https://www.marksandspencer.com.tr/erkek-cocuk-kisa-kollu-t-shirt/
250,Kids & Baby,Boys,Uzun Kollu T-Shirt,https://www.marksandspencer.com.tr/erkek-cocuk-uzun-kollu-t-shirt/
250,Kids & Baby,Boys,Mayolar,https://www.marksandspencer.com.tr/erkek-cocuk-mayolar/
250,Kids & Baby,Boys,Gömlek,https://www.marksandspencer.com.tr/erkek-cocuk-gomlek/
250,Kids & Baby,Boys,Takımları,https://www.marksandspencer.com.tr/erkek-cocuk-takimlari/
250,Kids & Baby,Boys,Pantolon,https://www.marksandspencer.com.tr/erkek-cocuk-pantolon/
250,Kids & Baby,Boys,Sweatshirtler,https://www.marksandspencer.com.tr/erkek-cocuk-sweatshirtler/
250,Kids & Baby,Boys,Eşofman Altı,https://www.marksandspencer.com.tr/erkek-cocuk-esofman-alti/
250,Kids & Baby,Boys,Dış Giyim,https://www.marksandspencer.com.tr/erkek-cocuk-dis-giyim/
250,Kids & Baby,Boys,Mont,https://www.marksandspencer.com.tr/erkek-cocuk-mont/
250,Kids & Baby,Boys,Yağmurluk,https://www.marksandspencer.com.tr/erkek-cocuk-yagmurluk/
250,Kids & Baby,Boys,Kazak,https://www.marksandspencer.com.tr/erkek-cocuk-kazak/
250,Kids & Baby,Boys,Ev Giyim,https://www.marksandspencer.com.tr/erkek-cocuk-ev-giyim/
250,Kids & Baby,Boys,Pijama,https://www.marksandspencer.com.tr/erkek-cocuk-pijama/
250,Kids & Baby,Boys,Sabahlık,https://www.marksandspencer.com.tr/erkek-cocuk-sabahlik/
250,Kids & Baby,Boys,İç Giyim,https://www.marksandspencer.com.tr/erkek-cocuk-ic-giyim/
250,Kids & Baby,Boys,Atlet,https://www.marksandspencer.com.tr/erkek-cocuk-atlet/
250,Kids & Baby,Boys,Boxer,https://www.marksandspencer.com.tr/erkek-cocuk-boxer/
250,Kids & Baby,Boys,Termal Üstler,https://www.marksandspencer.com.tr/erkek-cocuk-termal-ustler/
250,Kids & Baby,Boys,Termal Altlar,https://www.marksandspencer.com.tr/erkek-cocuk-termal-altlar/
250,Kids & Baby,Boys,Çorapları,https://www.marksandspencer.com.tr/erkek-cocuk-coraplari/
250,Kids & Baby,Boys,Desenli Çoraplar,https://www.marksandspencer.com.tr/erkek-cocuk-desenli-coraplar/
250,Kids & Baby,Boys,Düz Çoraplar,https://www.marksandspencer.com.tr/erkek-cocuk-duz-coraplar/
250,Kids & Baby,Boys,Ayakkabı ve Aksesuarları,https://www.marksandspencer.com.tr/erkek-cocuk-ayakkabi-ve-aksesuarlari/
250,Kids & Baby,Boys,Şortlar,https://www.marksandspencer.com.tr/erkek-cocuk-sortlar/
250,Kids & Baby,Baby,Giyim,https://www.marksandspencer.com.tr/bebek-giyim/
250,Kids & Baby,Baby,Yeni Gelenler,https://www.marksandspencer.com.tr/bebek-yeni-gelenler/
250,Kids & Baby,Baby,Tulumlar,https://www.marksandspencer.com.tr/bebek-tulumlar/
250,Kids & Baby,Baby,Body,https://www.marksandspencer.com.tr/bebek-body/
250,Kids & Baby,Baby,Tulum,https://www.marksandspencer.com.tr/bebek-tulum/
250,Kids & Baby,Baby,Altlar,https://www.marksandspencer.com.tr/bebek-altlar/
250,Kids & Baby,Baby,T-Shirtler,https://www.marksandspencer.com.tr/bebek-tshirtler/
250,Kids & Baby,Baby,Şortlar,https://www.marksandspencer.com.tr/bebek-sortlar/
250,Kids & Baby,Baby,Elbiseler,https://www.marksandspencer.com.tr/bebek-elbiseler/
250,Kids & Baby,Baby,Mayolar,https://www.marksandspencer.com.tr/bebek-mayolar/
250,Kids & Baby,Baby,Takımları,https://www.marksandspencer.com.tr/bebek-takimlari/
250,Kids & Baby,Baby,Dış Giyim,https://www.marksandspencer.com.tr/bebek-dis-giyim/
250,Kids & Baby,Baby,Hırka ve Kazaklar,https://www.marksandspencer.com.tr/bebek-hirka-ve-kazaklar/
250,Kids & Baby,Baby,Sweatshirtleri,https://www.marksandspencer.com.tr/bebek-sweatshirtleri/
250,Kids & Baby,Baby,Çorapları,https://www.marksandspencer.com.tr/bebek-coraplari/
250,Kids & Baby,Baby,Ayakkabı ve Aksesuarlar,https://www.marksandspencer.com.tr/bebek-ayakkabi-ve-aksesuarlar/
250,Kids & Baby,Baby,Mama Önlüğü,https://www.marksandspencer.com.tr/bebek-mama-onlugu/
250,Kids & Baby,Baby,Şapka,https://www.marksandspencer.com.tr/bebek-sapka/
250,Kids & Baby,Baby,Patik,https://www.marksandspencer.com.tr/bebek-patik/
250,Kids & Baby,Collections,Okul Kıyafetleri,https://www.marksandspencer.com.tr/okul-kiyafetleri/
250,Kids & Baby,Collections,Lisanslı Ürünler,https://www.marksandspencer.com.tr/lisansli-urunler/
250,Kids & Baby,Collections,Disney,https://www.marksandspencer.com.tr/disney/
250,Kids & Baby,Collections,Lilo ve Stitch,https://www.marksandspencer.com.tr/lilo-ve-stitch/
250,Kids & Baby,Collections,Spiderman,https://www.marksandspencer.com.tr/spiderman/
250,Kids & Baby,Collections,Organik Ürünler,https://www.marksandspencer.com.tr/organic-cotton-urunler/
250,Home & Decor,Bedroom,Yatak Odası,https://www.marksandspencer.com.tr/yatak-odasi/
250,Home & Decor,Bedroom,Yatak Takımı ve Nevresimler,https://www.marksandspencer.com.tr/yatak-takimi-ve-nevresimler/
250,Home & Decor,Bedroom,Yastık ve Yorganlar,https://www.marksandspencer.com.tr/yastik-ve-yorganlar/
250,Home & Decor,Bedroom,Yastık,https://www.marksandspencer.com.tr/yastik/
250,Home & Decor,Bedroom,Yorgan,https://www.marksandspencer.com.tr/yorgan/
250,Home & Decor,Bedroom,Çarşaf ve Yastık Kılıfı,https://www.marksandspencer.com.tr/carsaf-ve-yastik-kilifi/
250,Home & Decor,Bedroom,Lastikli Çarşaf,https://www.marksandspencer.com.tr/lastikli-carsaf/
250,Home & Decor,Bedroom,Yastık Kılıfı,https://www.marksandspencer.com.tr/yastik-kilifi/
250,Home & Decor,Bedroom,Yorgan Kılıfı,https://www.marksandspencer.com.tr/yorgan-kilifi/
250,Home & Decor,Bedroom,Düz Çarşaf,https://www.marksandspencer.com.tr/duz-carsaf/
250,Home & Decor,Bedroom,Çarşaf Kılıfı Alez,https://www.marksandspencer.com.tr/carsaf-kilifi-alez/
250,Home & Decor,Travel & Other,Valizler,https://www.marksandspencer.com.tr/valizler-1/
250,Home & Decor,Travel & Other,Valizler (2),https://www.marksandspencer.com.tr/valizler/
250,Home & Decor,Travel & Other,Evcil Hayvan Koleksiyonu,https://www.marksandspencer.com.tr/evcil-hayvan-koleksiyonu/
250,Home & Decor,Travel & Other,Pet Aksesuarları,https://www.marksandspencer.com.tr/pet-aksesuarlari/
250,Cosmetics,Skincare,Cilt Bakımı,https://www.marksandspencer.com.tr/cilt-bakimi/
250,Cosmetics,Skincare,Gündüz Bakım Kremi,https://www.marksandspencer.com.tr/gunduz-bakim-kremi/
250,Cosmetics,Skincare,Gece Bakım Kremi,https://www.marksandspencer.com.tr/gece-bakim-kremi/
250,Cosmetics,Skincare,Göz Kremi,https://www.marksandspencer.com.tr/goz-kremi/
250,Cosmetics,Skincare,Serum,https://www.marksandspencer.com.tr/serum/
250,Cosmetics,Skincare,Tonik,https://www.marksandspencer.com.tr/tonik/
250,Cosmetics,Skincare,Maske-Peeling,https://www.marksandspencer.com.tr/maske-peeling/
250,Cosmetics,Skincare,Yüz Temizleme,https://www.marksandspencer.com.tr/yuz-temizleme/
250,Cosmetics,Skincare,Tanışma Seti,https://www.marksandspencer.com.tr/tanisma-seti/
250,Cosmetics,Body Care,Vücut Bakımı,https://www.marksandspencer.com.tr/vucut-bakimi/
250,Cosmetics,Body Care,Vücut Losyonu,https://www.marksandspencer.com.tr/vucut-losyonu/
250,Cosmetics,Body Care,Pudra,https://www.marksandspencer.com.tr/pudra/
250,Cosmetics,Body Care,El ve Tırnak Kremleri,https://www.marksandspencer.com.tr/el-ve-tirnak-kremleri/
250,Cosmetics,Body Care,Vücut Kremi,https://www.marksandspencer.com.tr/vucut-kremi/
250,Cosmetics,Bath & Shower,Banyo & Duş,https://www.marksandspencer.com.tr/banyo-dus/
250,Cosmetics,Bath & Shower,Duş Jelleri,https://www.marksandspencer.com.tr/dus-jelleri/
250,Cosmetics,Bath & Shower,Banyo Köpükleri Kremleri,https://www.marksandspencer.com.tr/banyo-kopukleri-kremleri/
250,Cosmetics,Bath & Shower,Sabunlar,https://www.marksandspencer.com.tr/sabunlar/
250,Cosmetics,Collections,Favori Kozmetik Ürünleri,https://www.marksandspencer.com.tr/favori-kozmetik-urunleri/
250,Cosmetics,Collections,Parfüm Seçimi Nasıl Yapılır,https://www.marksandspencer.com.tr/parfum-secimi-nasil-yapilir/
250,Cosmetics,Collections,Hediye Seti Aksesuar,https://www.marksandspencer.com.tr/hediye-seti-aksesuar/
250,Cosmetics,Collections,Apothecary,https://www.marksandspencer.com.tr/kozmetik-apothecary/
250,Cosmetics,Collections,Burst Bodycare,https://www.marksandspencer.com.tr/burst-bodycare/
250,Cosmetics,Collections,Fresh Elements,https://www.marksandspencer.com.tr/fresh-elements/
250,Cosmetics,Collections,Floral Collection,https://www.marksandspencer.com.tr/floral-collection/
250,Cosmetics,Collections,China Blue,https://www.marksandspencer.com.tr/china-blue/
250,Cosmetics,Collections,Magnolia,https://www.marksandspencer.com.tr/magnolia/
250,Cosmetics,Collections,Lavender,https://www.marksandspencer.com.tr/lavender/
250,Cosmetics,Collections,Rose,https://www.marksandspencer.com.tr/rose/
250,Cosmetics,Collections,Formula,https://www.marksandspencer.com.tr/formula/
250,Cosmetics,Collections,Pure,https://www.marksandspencer.com.tr/pure/
250,Cosmetics,Collections,Monte & Wilde,https://www.marksandspencer.com.tr/monte-wilde/
400,Lingerie,Bras,Sütyen,https://www.marksandspencer.com.tr/sutyen/
400,Lingerie,Bras,Yeni Gelen Sütyenler,https://www.marksandspencer.com.tr/yeni-gelen-sutyenler/
400,Lingerie,Bras,Dantelli Sütyenler,https://www.marksandspencer.com.tr/kadin-dantelli-sutyenler/
400,Lingerie,Bras,Destekli Sütyenler,https://www.marksandspencer.com.tr/kadin-destekli-sutyenler/
400,Lingerie,Bras,Desteksiz Sütyen,https://www.marksandspencer.com.tr/kadin-desteksiz-sutyen/
400,Lingerie,Bras,Balensiz Sütyen,https://www.marksandspencer.com.tr/kadin-balensiz-sutyen/
400,Lingerie,Bras,Balenli Sütyenler,https://www.marksandspencer.com.tr/balenli-sutyenler/
400,Lingerie,Bras,T-Shirt Sütyeni,https://www.marksandspencer.com.tr/tshirt-sutyeni/
400,Lingerie,Bras,Bralet Sütyenler,https://www.marksandspencer.com.tr/bralet-sutyenler/
400,Lingerie,Bras,Balkonet Sütyen,https://www.marksandspencer.com.tr/balkonet-sutyen/
400,Lingerie,Bras,Straplez Sütyen,https://www.marksandspencer.com.tr/strapless-sutyen/
400,Lingerie,Bras,Sütyen Aksesuarları,https://www.marksandspencer.com.tr/kadin-sutyen-aksesuarlari/
500,Main,,Ev & Dekorasyon (Home & Decor),https://www.marksandspencer.com.tr/ev-dekorasyon-1/
500,Summer Sale,Home,Ev Dekorasyon,https://www.marksandspencer.com.tr/indirim-evdekorasyon/
500,Summer Sale,Home,Ev Aksesuarı & Tekstili,https://www.marksandspencer.com.tr/indirim-evaksesuar-tekstili/
500,Summer Sale,Home,Mutfak,https://www.marksandspencer.com.tr/indirim-mutfak/
500,Summer Sale,Home,Banyo,https://www.marksandspencer.com.tr/indirim-banyo/
500,Summer Sale,Home,Yatak Odası,https://www.marksandspencer.com.tr/indirim-yatak-odasi/
500,Summer Sale,Cosmetics,Kozmetik,https://www.marksandspencer.com.tr/indirim-kozmetik/
500,Home & Decor,Home Accessories & Textiles,Ev Aksesuarları ve Tekstili,https://www.marksandspencer.com.tr/ev-aksesuarlari-ve-tekstili/
500,Home & Decor,Home Accessories & Textiles,Yeni Gelenler,https://www.marksandspencer.com.tr/ev-ve-dekorasyon-yeni-gelenler/
500,Home & Decor,Home Accessories & Textiles,Oda Kokuları ve Mumlar,https://www.marksandspencer.com.tr/oda-kokulari-ve-mumlar/
500,Home & Decor,Home Accessories & Textiles,Oda Kokusu,https://www.marksandspencer.com.tr/oda-kokusu/
500,Home & Decor,Home Accessories & Textiles,Mum,https://www.marksandspencer.com.tr/mum/
500,Home & Decor,Home Accessories & Textiles,Uçucu Yağlar,https://www.marksandspencer.com.tr/ucucu-yaglar/
500,Home & Decor,Home Accessories & Textiles,Oda Kokuları ve Mumlar (2),https://www.marksandspencer.com.tr/oda-kokulari-ve-mumlar-1/
500,Home & Decor,Home Accessories & Textiles,Dekoratif Yastıklar,https://www.marksandspencer.com.tr/dekoratif-yastiklar/
500,Home & Decor,Home Accessories & Textiles,Kırlent,https://www.marksandspencer.com.tr/kirlent/
500,Home & Decor,Home Accessories & Textiles,Dekoratif Şal,https://www.marksandspencer.com.tr/dekoratif-sal/
500,Home & Decor,Home Accessories & Textiles,Dekoratif Aksesuarlar,https://www.marksandspencer.com.tr/dekoratif-aksesuarlar/
500,Home & Decor,Kitchen,Mutfak,https://www.marksandspencer.com.tr/mutfak/
500,Home & Decor,Kitchen,Piknik Ürünleri,https://www.marksandspencer.com.tr/ev-dekorasyon-piknik-urunleri/
500,Home & Decor,Kitchen,Mutfak Aksesuarları,https://www.marksandspencer.com.tr/mutfak-aksesuarlari/
500,Home & Decor,Kitchen,Servis Ürünleri,https://www.marksandspencer.com.tr/servis-urunleri/
500,Home & Decor,Kitchen,Saklama Kabı,https://www.marksandspencer.com.tr/saklama-kabi/
500,Home & Decor,Kitchen,Pişirme Ürünleri,https://www.marksandspencer.com.tr/pisirme-urunleri/
500,Home & Decor,Kitchen,Masa Örtüsü ve Servisler,https://www.marksandspencer.com.tr/masa-ortusu-ve-servisler/
500,Home & Decor,Kitchen,Yemek Takımları ve Kupalar,https://www.marksandspencer.com.tr/yemek-takimlari-ve-kupalar/
500,Home & Decor,Kitchen,Tabak Kase,https://www.marksandspencer.com.tr/tabak-kase/
500,Home & Decor,Kitchen,Kupa Bardak,https://www.marksandspencer.com.tr/kupa-bardak/
500,Home & Decor,Kitchen,Mutfak Tekstili,https://www.marksandspencer.com.tr/mutfak-tekstili/
500,Home & Decor,Bathroom,Banyo,https://www.marksandspencer.com.tr/banyo/
500,Home & Decor,Bathroom,Havlular,https://www.marksandspencer.com.tr/havlular/
500,Home & Decor,Bathroom,Plaj Havluları,https://www.marksandspencer.com.tr/plaj-havlulari/
500,Home & Decor,Bathroom,Desenli Havlular,https://www.marksandspencer.com.tr/desenli-havlular/
500,Home & Decor,Bathroom,Düz Havlu,https://www.marksandspencer.com.tr/duz-havlu/
500,Home & Decor,Bathroom,Banyo Paspasları,https://www.marksandspencer.com.tr/banyo-paspaslari/
500,Home & Decor,Bathroom,Desenli Paspas,https://www.marksandspencer.com.tr/desenli-paspas/
500,Home & Decor,Bathroom,Düz Paspas,https://www.marksandspencer.com.tr/duz-paspas/
500,Home & Decor,Bathroom,Banyo Aksesuarları,https://www.marksandspencer.com.tr/banyo-aksesuarlari/
500,Cosmetics,Fragrance,Parfüm ve Deodorantlar,https://www.marksandspencer.com.tr/parfum-ve-deodorantlar/
500,Cosmetics,Fragrance,Kadın Parfümleri,https://www.marksandspencer.com.tr/kadin-parfumleri/
500,Cosmetics,Fragrance,Erkek Parfüm,https://www.marksandspencer.com.tr/erkek-parfum/
500,Cosmetics,Fragrance,Deodorant Roll-On,https://www.marksandspencer.com.tr/deodorant-roll-on/
500,Cosmetics,Fragrance,Roll-On,https://www.marksandspencer.com.tr/roll-on/
500,Cosmetics,Fragrance,Deodorant,https://www.marksandspencer.com.tr/deodorant/
500,Cosmetics,Fragrance,Vücut Spreyleri,https://www.marksandspencer.com.tr/vucut-spreyleri/
500,Cosmetics,Fragrance,Kadın Ürünleri,https://www.marksandspencer.com.tr/kadin-urunleri/
500,Cosmetics,Fragrance,Erkek Ürünleri,https://www.marksandspencer.com.tr/erkek-urunleri/
500,Cosmetics,Home Fragrance,Kozmetik Ev Ürünleri,https://www.marksandspencer.com.tr/kozmetik-ev-urunleri/
